"Order #","Purchased On","Bill to Name","Ship to Name","G.T. (Base)","G.T. (Purchased)",Status
100009111,"Apr 3, 2019 3:59:42 PM","UserFN6338  UserLN6338","UserFN6338  UserLN6338","$6,200.00","$6,200.00",Pending
100009110,"Apr 3, 2019 3:59:06 PM","UserFN6338  UserLN6338","UserFN6338  UserLN6338",$620.00,$620.00,Pending
100009109,"Apr 3, 2019 3:04:00 PM","Asifuzzaman Sarkar Bappy","Asifuzzaman Sarkar Bappy",$705.00,$705.00,Pending
100009108,"Apr 3, 2019 2:59:21 PM","Asifuzzaman Sarkar Bappy","Asifuzzaman Sarkar Bappy",$705.00,$705.00,Pending
100009107,"Apr 3, 2019 8:26:00 AM","Mohit kumar Mittal","Rohit kumar Mittal",$620.00,$620.00,Pending
100009106,"Apr 3, 2019 8:23:10 AM","Mohit kumar Mittal","Rohit kumar Mittal",$620.00,$620.00,Pending
100009105,"Apr 2, 2019 7:50:59 PM","UserFN8300  UserLN8300","UserFN8300  UserLN8300","$6,200.00","$6,200.00",Pending
100009104,"Apr 2, 2019 7:50:03 PM","UserFN8300  UserLN8300","UserFN8300  UserLN8300",$620.00,$620.00,Pending
100009103,"Apr 2, 2019 6:18:56 PM","JamesRachel  ChadwickGreen","JamesRachel  ChadwickGreen","$1,010.00","$1,010.00",Pending
100009102,"Apr 2, 2019 6:03:32 PM","JamesRachel  ChadwickGreen","JamesRachel  ChadwickGreen","$1,010.00","$1,010.00",Pending
100009101,"Apr 2, 2019 5:42:50 PM","UserFN4680  UserLN4680","UserFN4680  UserLN4680","$6,200.00","$6,200.00",Pending
100009100,"Apr 2, 2019 5:37:35 PM","JamesRachel  ChadwickGreen","JamesRachel  ChadwickGreen","$3,030.00","$3,030.00",Pending
100009099,"Apr 2, 2019 5:27:59 PM","UserFN4680  UserLN4680","UserFN4680  UserLN4680",$620.00,$620.00,Pending
100009098,"Apr 2, 2019 5:07:52 PM","JamesRachel  ChadwickGreen","JamesRachel  ChadwickGreen","$1,010.00","$1,010.00",Pending
100009097,"Apr 2, 2019 5:06:59 PM","JamesRachel  ChadwickGreen","JamesRachel  ChadwickGreen","$7,070.00","$7,070.00",Pending
100009096,"Apr 2, 2019 3:15:21 PM","Asifuzzaman Sarkar Bappy","Asifuzzaman Sarkar Bappy",$705.00,$705.00,Pending
100009095,"Apr 2, 2019 1:20:13 PM","test test test","test test test",$620.00,$620.00,Pending
100009094,"Apr 2, 2019 7:44:43 AM","Rohit kumar Mittal","Rohit kumar Mittal","$4,340.00","$4,340.00",Pending
100009093,"Apr 2, 2019 1:14:14 AM","abc xyz pqr","abc xyz pqr",$620.00,$620.00,Pending
100009092,"Apr 1, 2019 11:41:00 PM","UserFN6374  UserLN6374","UserFN6374  UserLN6374",$620.00,$620.00,Pending
100009091,"Apr 1, 2019 11:38:39 PM","UserFN8988  UserLN8988","UserFN8988  UserLN8988",$620.00,$620.00,Pending
100009090,"Apr 1, 2019 11:35:41 PM","UserFN2393  UserLN2393","UserFN2393  UserLN2393",$620.00,$620.00,Pending
100009089,"Apr 1, 2019 11:28:04 PM","UserFN8524  UserLN8524","UserFN8524  UserLN8524",$620.00,$620.00,Pending
100009088,"Apr 1, 2019 11:23:27 PM","UserFN2469  UserLN2469","UserFN2469  UserLN2469",$620.00,$620.00,Pending
100009087,"Apr 1, 2019 11:17:21 PM","UserFN7593  UserLN7593","UserFN7593  UserLN7593",$620.00,$620.00,Pending
100009086,"Apr 1, 2019 11:12:49 PM","UserFN1307  UserLN1307","UserFN1307  UserLN1307",$620.00,$620.00,Pending
100009085,"Apr 1, 2019 5:23:23 PM","UserFN1196  UserLN1196","UserFN1196  UserLN1196","$6,200.00","$6,200.00",Pending
100009084,"Apr 1, 2019 3:12:54 PM","UserFN1196  UserLN1196","UserFN1196  UserLN1196","$6,200.00","$6,200.00",Pending
100009083,"Apr 1, 2019 1:08:27 PM","JamesRachel  ChadwickGreen","JamesRachel  ChadwickGreen","$1,010.00","$1,010.00",Pending
100009082,"Apr 1, 2019 9:36:14 AM","abc xyz pqr","abc xyz pqr",$620.00,$620.00,Pending
100009081,"Apr 1, 2019 9:34:52 AM","abc xyz pqr","abc xyz pqr","$1,050.00","$1,050.00",Pending
100009080,"Apr 1, 2019 5:47:57 AM","abc xyz pqr","abc xyz pqr",$620.00,$620.00,Pending
100009079,"Apr 1, 2019 5:38:36 AM","abc xyz pqr","abc xyz pqr","$1,050.00","$1,050.00",Pending
100009078,"Apr 1, 2019 5:35:51 AM","abc xyz pqr","abc xyz pqr","$1,050.00","$1,050.00",Pending
100009077,"Apr 1, 2019 5:29:59 AM","abc xyz pqr","abc xyz pqr","$1,050.00","$1,050.00",Pending
100009076,"Apr 1, 2019 4:44:10 AM","abc xyz pqr","abc xyz pqr","$1,155.00","$1,155.00",Pending
100009075,"Apr 1, 2019 1:07:54 AM","Giri  A","Giri  A",$620.00,$620.00,Pending
100009074,"Apr 1, 2019 1:04:42 AM","Giri  A","Giri  A",$620.00,$620.00,Pending
100009073,"Apr 1, 2019 12:39:20 AM","Giri  A","Giri  A",$620.00,$620.00,Pending
100009072,"Apr 1, 2019 12:34:16 AM","Giri  A","Giri  A",$620.00,$620.00,Pending
100009071,"Apr 1, 2019 12:18:09 AM","Giri  A","Giri  A",$620.00,$620.00,Pending
100009070,"Mar 30, 2019 8:38:21 AM","Anil  Kumar","Anil  Kumar","$6,200.00","$6,200.00",Pending
100009069,"Mar 30, 2019 8:33:25 AM","Anil  Kumar","Anil  Kumar","$6,200.00","$6,200.00",Pending
100009068,"Mar 29, 2019 12:15:54 PM","UserFN1196  UserLN1196","UserFN1196  UserLN1196",$620.00,$620.00,Pending
100009067,"Mar 29, 2019 11:15:26 AM","UserFN7209  UserLN7209","UserFN7209  UserLN7209",$620.00,$620.00,Pending
100009066,"Mar 29, 2019 11:14:54 AM","UserFN2919  UserLN2919","UserFN2919  UserLN2919",$620.00,$620.00,Pending
100009065,"Mar 29, 2019 8:49:33 AM","Tarun Chawla Schinde","Tarun Chawla Schinde",$505.00,$505.00,Pending
100009064,"Mar 29, 2019 8:48:16 AM","UserFN8913  UserLN8913","UserFN8913  UserLN8913",$620.00,$620.00,Pending
100009063,"Mar 29, 2019 8:43:35 AM","UserFN2339  UserLN2339","UserFN2339  UserLN2339",$620.00,$620.00,Pending
100009062,"Mar 29, 2019 6:32:20 AM","abc xyz pqr","abc xyz pqr","$1,050.00","$1,050.00",Pending
100009061,"Mar 28, 2019 11:27:19 PM","UserFN119  UserLN119","UserFN119  UserLN119",$620.00,$620.00,Pending
100009060,"Mar 28, 2019 11:17:38 PM","UserFN5321  UserLN5321","UserFN5321  UserLN5321",$620.00,$620.00,Pending
100009059,"Mar 28, 2019 10:39:34 PM","Rahul  Shetty","Rahul  Shetty",$620.00,$620.00,Pending
100009058,"Mar 28, 2019 5:41:53 PM","STAFF  Framework","STAFF  Framework",$540.00,$540.00,Pending
100009057,"Mar 28, 2019 7:35:55 AM","abc xyz pqr","abc xyz pqr",$105.00,$105.00,Pending
100009056,"Mar 28, 2019 12:59:21 AM","asdg  FA","asdg  FA",$505.00,$505.00,Pending
100009055,"Mar 26, 2019 2:25:54 PM","JamesRachel  ChadwickGreen","JamesRachel  ChadwickGreen","$1,010.00","$1,010.00",Pending
100009054,"Mar 26, 2019 1:46:05 PM","JamesRachel  ChadwickGreen","JamesRachel  ChadwickGreen","$1,010.00","$1,010.00",Pending
100009053,"Mar 26, 2019 8:26:03 AM","testreal time project","testreal time project",$620.00,$620.00,Pending
100009052,"Mar 26, 2019 7:22:56 AM","Abhishek kumar pathak","Abhishek kumar pathak",$725.00,$725.00,Pending
100009051,"Mar 26, 2019 3:02:07 AM","soundarajan siva D","soundarajan siva D",$620.00,$620.00,Pending
100009050,"Mar 26, 2019 2:58:00 AM","soundarajan siva D","soundarajan siva D",$620.00,$620.00,Pending
100009049,"Mar 26, 2019 2:55:14 AM","soundarajan siva D","soundarajan siva D",$620.00,$620.00,Pending
100009048,"Mar 26, 2019 2:52:55 AM","soundarajan siva D","soundarajan siva D",$620.00,$620.00,Pending
100009047,"Mar 26, 2019 2:47:11 AM","soundarajan siva D","soundarajan siva D","$3,720.00","$3,720.00",Pending
100009046,"Mar 26, 2019 2:34:48 AM","soundarajan siva D","soundarajan siva D",$620.00,$620.00,Pending
100009045,"Mar 26, 2019 2:27:38 AM","soundarajan siva D","soundarajan siva D",$620.00,$620.00,Pending
100009044,"Mar 26, 2019 2:08:55 AM","soundarajan siva D","soundarajan siva D",$620.00,$620.00,Pending
100009043,"Mar 26, 2019 1:42:28 AM","soundarajan siva D","soundarajan siva D",$705.00,$705.00,Pending
100009042,"Mar 25, 2019 6:25:02 PM","Syeda M. Shafique","Syeda M. Shafique",$105.00,$105.00,Pending
100009040,"Mar 25, 2019 9:45:58 AM","vijaykavya  shrishri","vijaykavya  shrishri",$705.00,$705.00,Pending
100009039,"Mar 25, 2019 9:12:39 AM","kajukavyakavya  shrishrishri","kajukavyakavya  shrishrishri","$4,850.00","$4,850.00",Pending
100009038,"Mar 25, 2019 9:02:31 AM","Automation  Testing","Automation  Testing",$620.00,$620.00,Pending
100009037,"Mar 25, 2019 8:55:57 AM","Automation  Testing","Automation  Testing",$620.00,$620.00,Pending
100009036,"Mar 25, 2019 8:17:49 AM","kavya  shri","kavya  shri","$2,735.00","$2,735.00",Pending
100009035,"Mar 25, 2019 7:46:50 AM","Anil  Kumar","Anil  Kumar","$6,200.00","$6,200.00",Pending
100009034,"Mar 25, 2019 5:19:32 AM","Automation  Testing","Automation  Testing",$620.00,$620.00,Pending
100009033,"Mar 25, 2019 5:14:28 AM","Automation  Testing","Automation  Testing",$620.00,$620.00,Pending
100009032,"Mar 25, 2019 5:00:17 AM","Automation  Testing","Automation  Testing",$620.00,$620.00,Pending
100009031,"Mar 25, 2019 4:55:49 AM","Automation  Testing","Automation  Testing",$620.00,$620.00,Pending
100009030,"Mar 24, 2019 11:05:25 AM","Anil  Kumar","Anil  Kumar","$6,200.00","$6,200.00",Pending
100009029,"Mar 24, 2019 10:56:26 AM","Anil  Kumar","Anil  Kumar","$6,200.00","$6,200.00",Pending
100009028,"Mar 23, 2019 11:36:43 AM","Automation  Testing","Automation  Testing",$620.00,$620.00,Pending
100009027,"Mar 23, 2019 11:32:13 AM","Automation  Testing","Automation  Testing",$620.00,$620.00,Pending
100009026,"Mar 23, 2019 11:24:06 AM","Automation  Testing","Automation  Testing",$620.00,$620.00,Pending
100009025,"Mar 23, 2019 11:18:56 AM","Automation  Testing","Automation  Testing",$620.00,$620.00,Pending
100009024,"Mar 23, 2019 2:42:40 AM","Automation  Testing","Automation  Testing",$620.00,$620.00,Pending
100009023,"Mar 23, 2019 2:41:05 AM","Automation  Testing","Automation  Testing",$620.00,$620.00,Pending
100009022,"Mar 23, 2019 2:37:31 AM","Automation  Testing","Automation  Testing",$620.00,$620.00,Pending
100009021,"Mar 22, 2019 4:01:19 PM","Sushila  Goyat","Sushila  Goyat","$1,240.00","$1,240.00",Pending
100009020,"Mar 21, 2019 10:25:50 PM","snehithi middi laddi","snehithi middi laddi",$620.00,$620.00,Pending
100009019,"Mar 21, 2019 6:37:40 PM","Sushila  Goyat","Sushila  Goyat","$1,240.00","$1,240.00",Pending
100009018,"Mar 21, 2019 6:34:21 PM","Sushila  Goyat","Sushila  Goyat","$1,240.00","$1,240.00",Pending
100009017,"Mar 21, 2019 6:22:04 PM","snehasneha middlmiddle laddladd","snehasneha middlmiddle laddladd","$3,100.00","$3,100.00",Pending
100009016,"Mar 21, 2019 6:21:17 PM","snehasneha middlmiddle laddladd","snehasneha middlmiddle laddladd","$3,100.00","$3,100.00",Pending
100009015,"Mar 21, 2019 6:13:24 PM","snehasneha middlmiddle laddladd","snehasneha middlmiddle laddladd","$6,200.00","$6,200.00",Pending
100009014,"Mar 21, 2019 6:08:22 PM","snehasneha middlmiddle laddladd","snehasneha middlmiddle laddladd","$3,100.00","$3,100.00",Pending
100009013,"Mar 21, 2019 3:35:22 PM","Sushila  Goyat","Sushila  Goyat","$1,240.00","$1,240.00",Pending
100009012,"Mar 21, 2019 3:06:55 PM","snehasneha middlmiddle laddladd","snehasneha middlmiddle laddladd","$3,100.00","$3,100.00",Pending
100009011,"Mar 21, 2019 3:05:52 PM","snehasneha middlmiddle laddladd","snehasneha middlmiddle laddladd","$3,100.00","$3,100.00",Pending
100009010,"Mar 21, 2019 3:05:21 PM","snehasneha middlmiddle laddladd","snehasneha middlmiddle laddladd","$3,100.00","$3,100.00",Pending
100009009,"Mar 21, 2019 3:03:46 PM","snehasneha middlmiddle laddladd","snehasneha middlmiddle laddladd","$3,100.00","$3,100.00",Pending
100009008,"Mar 21, 2019 2:56:32 PM","snehasneha middlmiddle laddladd","snehasneha middlmiddle laddladd","$3,100.00","$3,100.00",Pending
100009007,"Mar 20, 2019 7:08:16 PM","snehasneha middlmiddle laddladd","snehasneha middlmiddle laddladd","$1,240.00","$1,240.00",Pending
100009006,"Mar 20, 2019 3:14:27 PM","Sushila  Goyat","Sushila  Goyat",$620.00,$620.00,Pending
100009005,"Mar 20, 2019 3:12:47 PM","Sushila  Goyat","Sushila  Goyat",$620.00,$620.00,Pending
100009004,"Mar 20, 2019 3:10:43 PM","Sushila  Goyat","Sushila  Goyat","$1,240.00","$1,240.00",Pending
100009003,"Mar 20, 2019 3:05:42 PM","Sushila  Goyat","Sushila  Goyat","$1,240.00","$1,240.00",Pending
100009002,"Mar 20, 2019 2:59:15 PM","Sushila  Goyat","Sushila  Goyat",$620.00,$620.00,Pending
100009001,"Mar 20, 2019 2:54:16 PM","Sushila  Goyat","Sushila  Goyat",$620.00,$620.00,Pending
100009000,"Mar 20, 2019 4:20:05 AM","Reena  Sharma","Reena  Sharma",$620.00,$620.00,Pending
100008999,"Mar 20, 2019 3:06:58 AM","Farol Keneddy Smith","Farol Keneddy Smith",$620.00,$620.00,Pending
100008998,"Mar 20, 2019 3:05:07 AM","Warol Keneddy Smith","Warol Keneddy Smith",$620.00,$620.00,Pending
100008997,"Mar 20, 2019 3:02:43 AM","Larol Keneddy Smith","Larol Keneddy Smith",$620.00,$620.00,Pending
100008996,"Mar 20, 2019 2:59:31 AM","Karol Keneddy Smith","Karol Keneddy Smith",$620.00,$620.00,Pending
100008995,"Mar 20, 2019 2:17:04 AM","a b c","a b c","$3,100.00","$3,100.00",Pending
100008994,"Mar 20, 2019 2:01:54 AM","a b c","a b c",$620.00,$620.00,Pending
100008993,"Mar 20, 2019 1:22:51 AM","Sarop Keneddy Smith","Sarop Keneddy Smith",$620.00,$620.00,Pending
100008992,"Mar 20, 2019 12:11:24 AM","Frencky Keneddy Smith","Frencky Keneddy Smith",$620.00,$620.00,Pending
100008991,"Mar 19, 2019 2:43:46 PM","Sushila  Goyat","Sushila  Goyat",$620.00,$620.00,Pending
100008990,"Mar 19, 2019 10:03:54 AM","Panduranga  g","Panduranga  g","$6,200.00","$6,200.00",Pending
100008989,"Mar 19, 2019 8:50:51 AM","a b c","a b c",$620.00,$620.00,Pending
100008988,"Mar 19, 2019 7:09:43 AM","a b c","a b c","$1,240.00","$1,240.00",Pending
100008987,"Mar 18, 2019 10:56:45 PM","Nhi  Nguyen","Nhi  Nguyen",$620.00,$620.00,Pending
100008986,"Mar 18, 2019 10:54:21 PM","Nhi  Nguyen","Nhi  Nguyen",$620.00,$620.00,Pending
100008985,"Mar 18, 2019 10:46:37 PM","Nhi  Nguyen","Nhi  Nguyen",$620.00,$620.00,Pending
100008984,"Mar 18, 2019 10:41:11 PM","Nhi  Nguyen","Nhi  Nguyen",$620.00,$620.00,Pending
100008983,"Mar 18, 2019 10:34:13 PM","Nhi  Nguyen","Nhi  Nguyen",$620.00,$620.00,Pending
100008982,"Mar 18, 2019 4:16:24 PM","Parmod  Goyat","Parmod  Goyat",$620.00,$620.00,Pending
100008981,"Mar 18, 2019 4:01:29 PM","Parmod  Goyat","Parmod  Goyat","$1,240.00","$1,240.00",Pending
100008980,"Mar 18, 2019 7:45:30 AM","Abhishek kumar pathak","Abhishek kumar pathak",$105.00,$105.00,Pending
100008979,"Mar 18, 2019 7:45:08 AM","Nhi  Nguyen","Nhi  Nguyen",$620.00,$620.00,Pending
100008978,"Mar 18, 2019 7:40:58 AM","Nhi  Nguyen","Nhi  Nguyen",$620.00,$620.00,Pending
100008977,"Mar 18, 2019 7:08:21 AM","Deepak  Shetty","Deepak  Shetty","$6,200.00","$6,200.00",Pending
100008976,"Mar 18, 2019 7:00:16 AM","Deepak  Shetty","Deepak  Shetty","$6,200.00","$6,200.00",Pending
100008975,"Mar 18, 2019 6:59:57 AM","Deepak  Shetty","Deepak  Shetty",$620.00,$620.00,Pending
100008974,"Mar 18, 2019 6:55:39 AM","Deepak  Shetty","Deepak  Shetty",$620.00,$620.00,Pending
100008973,"Mar 18, 2019 6:49:41 AM","Deepak  Shetty","Deepak  Shetty","$6,200.00","$6,200.00",Pending
100008972,"Mar 18, 2019 6:20:41 AM","Deepak  Shetty","Deepak  Shetty",$620.00,$620.00,Pending
100008971,"Mar 18, 2019 4:55:49 AM","Deepak  Shetty","Deepak  Shetty",$620.00,$620.00,Pending
100008970,"Mar 18, 2019 4:51:39 AM","Deepak  Shetty","Deepak  Shetty",$620.00,$620.00,Pending
100008969,"Mar 18, 2019 3:51:42 AM","Deepak  Shetty","Deepak  Shetty",$620.00,$620.00,Pending
100008968,"Mar 18, 2019 3:32:55 AM","Anil  Kumar","Anil  Kumar",$620.00,$620.00,Pending
100008967,"Mar 17, 2019 10:54:17 PM","Nhi  Nguyen","Nhi  Nguyen",$620.00,$620.00,Pending
100008966,"Mar 17, 2019 10:44:31 PM","Nhi  Nguyen","Nhi  Nguyen",$620.00,$620.00,Pending
100008965,"Mar 17, 2019 10:40:17 PM","Nhi  Nguyen","Nhi  Nguyen",$620.00,$620.00,Pending
100008964,"Mar 16, 2019 10:09:58 AM","Deepak  Shetty","Deepak  Shetty",$620.00,$620.00,Pending
100008963,"Mar 16, 2019 6:14:52 AM","JamesRachel  ChadwickGreen","JamesRachel  ChadwickGreen","$1,010.00","$1,010.00",Pending
100008962,"Mar 15, 2019 9:51:35 AM","prince TP zulu","prince TP zulu","$13,105.00","$13,105.00",Pending
100008961,"Mar 15, 2019 9:10:48 AM","Panduranga  g","Panduranga  g",$620.00,$620.00,Pending
100008960,"Mar 15, 2019 9:08:40 AM","Panduranga  g","Panduranga  g","$1,860.00","$1,860.00",Pending
100008959,"Mar 15, 2019 1:34:29 AM","Anil  Kumar","Anil  Kumar",$620.00,$620.00,Pending
100008958,"Mar 14, 2019 10:52:26 AM","Nhi  Nguyen","Nhi  Nguyen",$620.00,$620.00,Pending
100008957,"Mar 14, 2019 10:44:09 AM","Nhi  Nguyen","Nhi  Nguyen",$620.00,$620.00,Pending
100008956,"Mar 14, 2019 10:28:40 AM","Nhi  Nguyen","Nhi  Nguyen",$620.00,$620.00,Pending
100008955,"Mar 14, 2019 9:57:32 AM","Nhi  Nguyen","Nhi  Nguyen",$620.00,$620.00,Pending
100008954,"Mar 14, 2019 9:51:30 AM","Nhi  Nguyen","Nhi  Nguyen",$620.00,$620.00,Pending
100008953,"Mar 14, 2019 8:21:48 AM","Nhi  Nguyen","Nhi  Nguyen",$620.00,$620.00,Pending
100008952,"Mar 14, 2019 5:24:42 AM","Ram  Kumar","Ram  Kumar","$10,645.00","$10,645.00",Pending
100008951,"Mar 14, 2019 12:14:25 AM","Deepak  Shetty","Deepak  Shetty",$620.00,$620.00,Pending
100008950,"Mar 13, 2019 11:27:24 AM","ANIL  KUMAR","ANIL  KUMAR","$13,810.00","$13,810.00",Pending
100008949,"Mar 13, 2019 10:16:24 AM","Automation  Testing","Automation  Testing",$620.00,$620.00,Pending
100008948,"Mar 13, 2019 8:22:25 AM","Panduranga  g","Panduranga  g",$620.00,$620.00,Pending
100008947,"Mar 13, 2019 8:03:33 AM","Panduranga  g","Panduranga  g",$620.00,$620.00,Pending
100008946,"Mar 13, 2019 6:19:47 AM","Nhi  Nguyen","Nhi  Nguyen",$620.00,$620.00,Pending
100008945,"Mar 13, 2019 6:18:21 AM","Nhi  Nguyen","Nhi  Nguyen",$620.00,$620.00,Pending
100008944,"Mar 13, 2019 6:11:02 AM","Nhi  Nguyen","Nhi  Nguyen",$620.00,$620.00,Pending
100008943,"Mar 13, 2019 6:05:41 AM","Nhi  Nguyen","Nhi  Nguyen",$620.00,$620.00,Pending
100008942,"Mar 13, 2019 6:03:56 AM","Mano  Ku","Mano  Ku","$4,420.00","$4,420.00",Pending
100008941,"Mar 13, 2019 6:03:20 AM","Mahendra Prakash Pandey","Mahendra Prakash Pandey","$2,415.00","$2,415.00",Pending
100008940,"Mar 13, 2019 5:29:20 AM","Automation  Testing","Automation  Testing",$620.00,$620.00,Pending
100008939,"Mar 13, 2019 5:20:04 AM","Automation  Testing","Automation  Testing",$620.00,$620.00,Pending
100008938,"Mar 13, 2019 5:14:59 AM","Automation  Testing","Automation  Testing",$620.00,$620.00,Pending
100008937,"Mar 13, 2019 5:13:12 AM","Automation  Testing","Automation  Testing",$620.00,$620.00,Pending
100008936,"Mar 13, 2019 5:11:12 AM","Automation  Testing","Automation  Testing",$620.00,$620.00,Pending
100008935,"Mar 13, 2019 4:45:50 AM","Super S Duper","Super S Duper",$620.00,$620.00,Pending
100008934,"Mar 13, 2019 3:37:16 AM","Deepak  Shetty","Deepak  Shetty","$1,860.00","$1,860.00",Pending
100008933,"Mar 13, 2019 2:50:46 AM","Automation  Testing","Automation  Testing",$620.00,$620.00,Pending
100008932,"Mar 12, 2019 2:35:37 PM","ANIL  KUMAR","ANIL  KUMAR","$28,615.00","$28,615.00",Pending
100008931,"Mar 12, 2019 10:36:52 AM","Ashwini  Kumar","Ashwini  Kumar","$7,610.00","$7,610.00",Pending
100008930,"Mar 12, 2019 6:18:17 AM","Heheh  test","Heheh  test",$705.00,$705.00,Pending
100008929,"Mar 12, 2019 5:41:08 AM","Test  New","Test  New",$705.00,$705.00,Pending
100008928,"Mar 12, 2019 1:22:38 AM","vigneshvignesh  lodelode","vigneshvignesh  lodelode",$620.00,$620.00,Pending
100008927,"Mar 12, 2019 1:19:32 AM","vigneshvignesh  lodelode","vigneshvignesh  lodelode",$620.00,$620.00,Pending
100008926,"Mar 12, 2019 1:06:49 AM","Vidya Vijay Killedar","Vidya Vijay Killedar",$105.00,$105.00,Pending
100008925,"Mar 11, 2019 12:52:08 PM","Karthika  Selvaraj","Karthika  Selvaraj","$7,440.00","$7,440.00",Pending
100008924,"Mar 11, 2019 11:45:58 AM","Karthika  Selvaraj","Karthika  Selvaraj",$620.00,$620.00,Pending
100008923,"Mar 11, 2019 11:44:33 AM","Karthika  Selvaraj","Karthika  Selvaraj",$620.00,$620.00,Pending
100008922,"Mar 11, 2019 11:43:13 AM","Karthika  Selvaraj","Karthika  Selvaraj",$620.00,$620.00,Pending
100008921,"Mar 11, 2019 11:40:11 AM","Rahul  Kumar","Rahul  Kumar",$705.00,$705.00,Pending
100008920,"Mar 11, 2019 11:39:29 AM","Karthika  Selvaraj","Karthika  Selvaraj",$620.00,$620.00,Pending
100008919,"Mar 11, 2019 11:37:53 AM","Rahul  Kumar","Rahul  Kumar",$620.00,$620.00,Pending
100008918,"Mar 11, 2019 11:37:29 AM","Karthika  Selvaraj","Karthika  Selvaraj",$620.00,$620.00,Pending
100008917,"Mar 11, 2019 11:34:24 AM","Ashwini  Kumar","Ashwini  Kumar","$3,890.00","$3,890.00",Pending
100008916,"Mar 11, 2019 11:15:57 AM","Karthika  Selvaraj","Karthika  Selvaraj",$620.00,$620.00,Pending
100008915,"Mar 11, 2019 11:04:24 AM","Automation  Testing","Automation  Testing",$620.00,$620.00,Pending
100008914,"Mar 11, 2019 11:01:51 AM","Automation  Testing","Automation  Testing",$620.00,$620.00,Pending
100008913,"Mar 11, 2019 10:59:42 AM","Automation  Testing","Automation  Testing",$620.00,$620.00,Pending
100008912,"Mar 11, 2019 10:55:46 AM","Automation  Testing","Automation  Testing",$620.00,$620.00,Pending
100008911,"Mar 11, 2019 10:54:02 AM","Automation  Testing","Automation  Testing",$620.00,$620.00,Pending
100008910,"Mar 11, 2019 10:48:27 AM","Automation  Testing","Automation  Testing",$620.00,$620.00,Pending
100008909,"Mar 11, 2019 10:24:22 AM","Automation  Testing","Automation  Testing",$620.00,$620.00,Pending
100008908,"Mar 11, 2019 9:32:08 AM","Ashwini  Kumar","Ashwini  Kumar",$620.00,$620.00,Pending
100008907,"Mar 11, 2019 8:39:26 AM","h  h","h  h",$705.00,$705.00,Pending
100008906,"Mar 11, 2019 7:22:43 AM","vigneshvignesh  lodelode","vigneshvignesh  lodelode","$1,240.00","$1,240.00",Pending
100008905,"Mar 11, 2019 7:22:42 AM","vigneshvignesh  lodelode","vigneshvignesh  lodelode","$1,240.00","$1,240.00",Pending
100008904,"Mar 11, 2019 7:18:21 AM","vigneshvignesh  lodelode","vigneshvignesh  lodelode",$620.00,$620.00,Pending
100008903,"Mar 11, 2019 7:12:34 AM","vigneshvignesh  lodelode","vigneshvignesh  lodelode","$2,480.00","$2,480.00",Pending
100008902,"Mar 11, 2019 6:51:35 AM","vigneshvignesh  lodelode","vigneshvignesh  lodelode",$620.00,$620.00,Pending
100008901,"Mar 10, 2019 10:33:28 AM","Automation  Testing","Automation  Testing",$620.00,$620.00,Pending
100008900,"Mar 10, 2019 10:29:05 AM","Automation  Testing","Automation  Testing",$620.00,$620.00,Pending
100008899,"Mar 10, 2019 10:00:55 AM","Automation  Testing","Automation  Testing",$620.00,$620.00,Pending
100008898,"Mar 10, 2019 9:57:43 AM","Automation  Testing","Automation  Testing",$620.00,$620.00,Pending
100008897,"Mar 10, 2019 9:47:02 AM","Automation  Testing","Automation  Testing",$620.00,$620.00,Pending
100008896,"Mar 9, 2019 2:51:29 AM","Automation  Testing","Automation  Testing",$620.00,$620.00,Pending
100008895,"Mar 9, 2019 2:45:36 AM","Automation  Testing","Automation  Testing",$620.00,$620.00,Pending
100008894,"Mar 9, 2019 2:43:10 AM","Automation  Testing","Automation  Testing",$620.00,$620.00,Pending
100008893,"Mar 9, 2019 2:36:02 AM","Automation  Testing","Automation  Testing",$620.00,$620.00,Pending
100008892,"Mar 9, 2019 2:33:09 AM","Automation  Testing","Automation  Testing",$620.00,$620.00,Pending
100008891,"Mar 8, 2019 11:50:59 PM","Automation  Testing","Automation  Testing",$620.00,$620.00,Pending
100008890,"Mar 8, 2019 11:15:38 AM","BERRY  BERRYTWO","BERRY  BERRYTWO","$6,200.00","$6,200.00",Pending
100008889,"Mar 8, 2019 10:52:44 AM","BERRY  BERRYTWO","BERRY  BERRYTWO","$4,960.00","$4,960.00",Pending
100008888,"Mar 7, 2019 9:07:12 AM","Automation  Testing","Automation  Testing",$620.00,$620.00,Pending
100008887,"Mar 7, 2019 8:37:25 AM","Automation  Testing","Automation  Testing",$620.00,$620.00,Pending
100008886,"Mar 7, 2019 8:34:51 AM","Automation  Testing","Automation  Testing",$620.00,$620.00,Pending
100008885,"Mar 7, 2019 3:45:22 AM","ROBERT  PADDY","ROBERT  PADDY",$620.00,$620.00,Pending
100008884,"Mar 6, 2019 11:28:21 PM","J  P","J  P","$6,200.00","$6,200.00",Pending
100008883,"Mar 6, 2019 10:12:27 PM","JJ  PP","JJ  PP",$620.00,$620.00,Pending
100008882,"Mar 6, 2019 9:52:47 PM","J  P","J  P",$620.00,$620.00,Pending
100008881,"Mar 5, 2019 8:34:25 PM","Trang  NTM","Trang  NTM",$105.00,$105.00,Pending
100008880,"Mar 4, 2019 7:55:59 AM","Nhi  Nguyen","Nhi  Nguyen",$620.00,$620.00,Pending
100008879,"Mar 4, 2019 12:55:19 AM","Nhi  Nguyen","Nhi  Nguyen",$620.00,$620.00,Pending
100008878,"Mar 4, 2019 12:50:05 AM","Nhi  Nguyen","Nhi  Nguyen",$620.00,$620.00,Pending
100008877,"Mar 4, 2019 12:44:36 AM","Nhi  Nguyen","Nhi  Nguyen",$620.00,$620.00,Pending
100008876,"Mar 4, 2019 12:13:56 AM","Nhi  Nguyen","Nhi  Nguyen",$620.00,$620.00,Pending
100008875,"Mar 4, 2019 12:07:35 AM","Nhi  Nguyen","Nhi  Nguyen",$620.00,$620.00,Pending
100008874,"Mar 4, 2019 12:03:33 AM","Nhi  Nguyen","Nhi  Nguyen",$620.00,$620.00,Pending
100008873,"Mar 3, 2019 11:33:37 PM","Nhi  Nguyen","Nhi  Nguyen",$620.00,$620.00,Pending
100008872,"Mar 3, 2019 10:44:24 PM","Trung Le Le","Trung Le Le","$6,200.00","$6,200.00",Pending
100008871,"Mar 3, 2019 10:42:14 PM","Trung Le Le","Trung Le Le","$6,200.00","$6,200.00",Pending
100008870,"Mar 3, 2019 10:33:01 PM","Trung Le Le","Trung Le Le","$6,200.00","$6,200.00",Pending
100008869,"Mar 3, 2019 10:29:01 PM","Trung Le Le","Trung Le Le","$6,200.00","$6,200.00",Pending
100008868,"Mar 3, 2019 2:43:23 PM","USHA  REDDY","USHA  REDDY",$105.00,$105.00,Pending
100008867,"Mar 3, 2019 4:58:07 AM","Nhi  Nguyen","Nhi  Nguyen",$620.00,$620.00,Pending
100008866,"Mar 3, 2019 12:26:21 AM","Automation  Testing","Automation  Testing",$620.00,$620.00,Pending
100008865,"Mar 3, 2019 12:24:14 AM","Nhi  Nguyen","Nhi  Nguyen",$620.00,$620.00,Pending
100008864,"Mar 3, 2019 12:22:06 AM","Automation  Testing","Automation  Testing",$620.00,$620.00,Pending
100008863,"Mar 3, 2019 12:06:40 AM","Automation  Testing","Automation  Testing",$620.00,$620.00,Pending
100008862,"Mar 3, 2019 12:04:00 AM","Automation  Testing","Automation  Testing",$620.00,$620.00,Pending
100008861,"Mar 2, 2019 11:35:38 PM","USHA  REDDY","USHA  REDDY",$105.00,$105.00,Pending
100008860,"Mar 2, 2019 9:52:23 PM","Automation  Testing","Automation  Testing",$620.00,$620.00,Pending
100008859,"Mar 2, 2019 8:48:03 PM","USHA  REDDY","USHA  REDDY",$105.00,$105.00,Pending
100008858,"Mar 1, 2019 7:36:15 AM","JamesRachel  ChadwickGreen","JamesRachel  ChadwickGreen","$1,010.00","$1,010.00",Pending
100008857,"Mar 1, 2019 3:58:19 AM","Trung Le Le","Trung Le Le",$620.00,$620.00,Pending
100008856,"Mar 1, 2019 2:48:21 AM","Trang  Nguyen","Trang  Nguyen",$210.00,$210.00,Pending
100008855,"Mar 1, 2019 1:05:48 AM","Smita  Dutta","Smita  Dutta",$505.00,$505.00,Pending
100008854,"Feb 28, 2019 10:55:23 AM","Soujanya  Manduva","Soujanya  Manduva","$1,240.00","$1,240.00",Pending
100008853,"Feb 28, 2019 10:39:23 AM","Soujanya  Manduva","Soujanya  Manduva","$1,240.00","$1,240.00",Pending
100008852,"Feb 28, 2019 9:30:18 AM","Nhi  Nguyen","Nhi  Nguyen",$620.00,$620.00,Pending
100008851,"Feb 28, 2019 9:25:36 AM","Nhi  Nguyen","Nhi  Nguyen",$620.00,$620.00,Pending
100008850,"Feb 28, 2019 9:22:26 AM","Nhi  Nguyen","Nhi  Nguyen",$620.00,$620.00,Pending
100008849,"Feb 28, 2019 9:06:41 AM","Nhi  Nguyen","Nhi  Nguyen",$620.00,$620.00,Pending
100008848,"Feb 28, 2019 5:34:21 AM","Nhi  Nguyen","Nhi  Nguyen",$620.00,$620.00,Pending
100008847,"Feb 28, 2019 5:24:18 AM","Nhi  Nguyen","Nhi  Nguyen",$620.00,$620.00,Pending
100008846,"Feb 28, 2019 5:22:34 AM","Nhi  Nguyen","Nhi  Nguyen",$620.00,$620.00,Pending
100008845,"Feb 28, 2019 4:23:12 AM","Nhi  Nguyen","Nhi  Nguyen",$620.00,$620.00,Pending
100008844,"Feb 28, 2019 2:52:50 AM","Nhi  Nguyen","Nhi  Nguyen",$620.00,$620.00,Pending
100008843,"Feb 28, 2019 12:50:00 AM","Test  Testing","Test  Testing",$620.00,$620.00,Pending
100008842,"Feb 28, 2019 12:48:00 AM","Test  Testing","Test  Testing",$620.00,$620.00,Pending
100008841,"Feb 28, 2019 12:45:13 AM","Test  Testing","Test  Testing","$1,240.00","$1,240.00",Pending
100008840,"Feb 27, 2019 7:39:26 AM","Sergey  Kelnik","Sergey  Kelnik","$7,050.00","$7,050.00",Pending
100008839,"Feb 27, 2019 7:39:14 AM","Sergey  Kelnik","Sergey  Kelnik",$705.00,$705.00,Pending
100008838,"Feb 27, 2019 5:10:15 AM","Meghal21 Kaur Aggarwal21","Meghal21 Kaur Aggarwal21",$725.00,$725.00,Pending
100008837,"Feb 27, 2019 12:47:30 AM","Test  Testing","Test  Testing","$3,100.00","$3,100.00",Pending
100008836,"Feb 27, 2019 12:46:47 AM","Test  Testing","Test  Testing",$620.00,$620.00,Pending
100008835,"Feb 27, 2019 12:41:02 AM","Test  Testing","Test  Testing","$1,860.00","$1,860.00",Pending
100008834,"Feb 26, 2019 11:15:06 PM","Nhi  Nguyen","Nhi  Nguyen",$620.00,$620.00,Pending
100008833,"Feb 26, 2019 11:01:51 PM","Nhi  Nguyen","Nhi  Nguyen",$620.00,$620.00,Pending
100008832,"Feb 26, 2019 4:50:18 AM","Sergey  Kelnik","Sergey  Kelnik",$705.00,$705.00,Pending
100008831,"Feb 26, 2019 1:16:31 AM","Test  Testing","Test  Testing",$620.00,$620.00,Pending
100008830,"Feb 26, 2019 1:14:07 AM","Karyn Caesar Peterson Fitzgerald","Karyn Caesar Peterson Fitzgerald","$2,030.00","$2,030.00",Pending
100008829,"Feb 26, 2019 1:13:26 AM","Test  Testing","Test  Testing","$1,410.00","$1,410.00",Pending
100008828,"Feb 26, 2019 1:04:00 AM","Test  Testing","Test  Testing","$1,240.00","$1,240.00",Pending
100008827,"Feb 25, 2019 9:51:09 AM","Automation  Testing","Automation  Testing",$620.00,$620.00,Pending
100008826,"Feb 25, 2019 6:12:00 AM","Meghal17 Kaur Aggarwal17","Meghal17 Kaur Aggarwal17",$620.00,$620.00,Pending
100008825,"Feb 25, 2019 5:47:49 AM","Meghal13 Kaur Aggarwal13","Meghal13 Kaur Aggarwal13",$620.00,$620.00,Pending
100008824,"Feb 25, 2019 2:43:56 AM","Automation  Testing","Automation  Testing",$620.00,$620.00,Pending
100008823,"Feb 25, 2019 2:39:02 AM","Automation  Testing","Automation  Testing",$620.00,$620.00,Pending
100008822,"Feb 25, 2019 2:31:29 AM","Automation  Testing","Automation  Testing",$620.00,$620.00,Pending
100008821,"Feb 25, 2019 2:30:33 AM","Automation  Testing","Automation  Testing",$620.00,$620.00,Pending
100008820,"Feb 25, 2019 2:29:04 AM","Automation  Testing","Automation  Testing",$620.00,$620.00,Pending
100008819,"Feb 25, 2019 2:27:35 AM","Automation  Testing","Automation  Testing",$620.00,$620.00,Pending
100008818,"Feb 25, 2019 2:25:40 AM","Automation  Testing","Automation  Testing",$620.00,$620.00,Pending
100008817,"Feb 25, 2019 2:23:12 AM","aa aa aaa","aa aa aaa",$910.00,$910.00,Pending
100008816,"Feb 25, 2019 2:21:12 AM","Automation  Testing","Automation  Testing",$620.00,$620.00,Pending
100008815,"Feb 25, 2019 2:18:26 AM","Automation  Testing","Automation  Testing",$620.00,$620.00,Pending
100008814,"Feb 25, 2019 2:12:19 AM","Automation  Testing","Automation  Testing",$620.00,$620.00,Pending
100008813,"Feb 25, 2019 2:09:18 AM","t  t","t  t","$2,735.00","$2,735.00",Pending
100008812,"Feb 25, 2019 2:08:57 AM","Automation  Testing","Automation  Testing",$620.00,$620.00,Pending
100008811,"Feb 25, 2019 2:03:02 AM","Automation  Testing","Automation  Testing",$620.00,$620.00,Pending
100008810,"Feb 25, 2019 2:01:45 AM","Automation  Testing","Automation  Testing",$620.00,$620.00,Pending
100008809,"Feb 25, 2019 1:56:34 AM","Automation  Testing","Automation  Testing",$620.00,$620.00,Pending
100008808,"Feb 25, 2019 1:47:19 AM","Automation  Testing","Automation  Testing",$620.00,$620.00,Pending
100008807,"Feb 25, 2019 1:18:53 AM","Test  Testing","Test  Testing","$1,240.00","$1,240.00",Pending
100008806,"Feb 25, 2019 12:39:43 AM","Automation  Testing","Automation  Testing",$620.00,$620.00,Pending
100008805,"Feb 25, 2019 12:37:39 AM","Automation  Testing","Automation  Testing",$620.00,$620.00,Pending
100008804,"Feb 25, 2019 12:36:40 AM","Automation  Testing","Automation  Testing",$620.00,$620.00,Pending
100008803,"Feb 25, 2019 12:35:45 AM","Automation  Testing","Automation  Testing",$620.00,$620.00,Pending
100008802,"Feb 24, 2019 11:55:51 PM","Automation  Testing","Automation  Testing",$620.00,$620.00,Pending
100008801,"Feb 24, 2019 3:42:53 PM","USHA  REDDY","USHA  REDDY",$620.00,$620.00,Pending
100008800,"Feb 24, 2019 9:09:00 AM","USHA  REDDY","USHA  REDDY",$105.00,$105.00,Pending
100008799,"Feb 24, 2019 8:26:01 AM","USHA  REDDY","USHA  REDDY",$620.00,$620.00,Pending
100008798,"Feb 23, 2019 10:44:50 AM","Automation  Testing","Automation  Testing",$620.00,$620.00,Pending
100008797,"Feb 23, 2019 10:43:42 AM","Automation  Testing","Automation  Testing",$620.00,$620.00,Pending
100008796,"Feb 23, 2019 10:02:26 AM","Automation  Testing","Automation  Testing",$620.00,$620.00,Pending
100008795,"Feb 23, 2019 9:59:14 AM","Automation  Testing","Automation  Testing",$620.00,$620.00,Pending
100008794,"Feb 23, 2019 9:50:16 AM","Automation  Testing","Automation  Testing",$620.00,$620.00,Pending
100008793,"Feb 23, 2019 9:38:43 AM","Automation  Testing","Automation  Testing",$620.00,$620.00,Pending
100008792,"Feb 23, 2019 3:50:11 AM","Automation  Testing","Automation  Testing",$620.00,$620.00,Pending
100008791,"Feb 22, 2019 5:37:52 PM","adoo  khan","adoo  khan","$6,200.00","$6,200.00",Pending
100008790,"Feb 22, 2019 4:24:40 PM","adoo  khan","adoo  khan",$620.00,$620.00,Pending
100008789,"Feb 21, 2019 11:07:20 PM","Tinnin1  Dembele1","Tinnin1  Dembele1","$1,050.00","$1,050.00",Pending
100008788,"Feb 21, 2019 10:59:19 PM","Tinnin1  Dembele1","Tinnin1  Dembele1","$1,050.00","$1,050.00",Pending
100008787,"Feb 21, 2019 10:37:01 PM","Tinnin1  Dembele1","Tinnin1  Dembele1","$1,050.00","$1,050.00",Pending
100008786,"Feb 21, 2019 10:34:26 PM","Tinnin1  Dembele1","Tinnin1  Dembele1","$1,050.00","$1,050.00",Pending
100008785,"Feb 21, 2019 10:27:29 PM","Tinnin1  Dembele1","Tinnin1  Dembele1","$1,050.00","$1,050.00",Pending
100008784,"Feb 21, 2019 10:25:48 PM","Tinnin1  Dembele1","Tinnin1  Dembele1","$1,050.00","$1,050.00",Pending
100008783,"Feb 21, 2019 9:59:55 PM","Tinnin1  Dembele1","Tinnin1  Dembele1","$1,050.00","$1,050.00",Pending
100008782,"Feb 21, 2019 11:37:36 AM","Nhi  Nguyen","Nhi  Nguyen",$620.00,$620.00,Pending
100008781,"Feb 21, 2019 11:29:38 AM","Nhi  Nguyen","Nhi  Nguyen",$620.00,$620.00,Pending
100008780,"Feb 21, 2019 10:56:53 AM","Nhi  Nguyen","Nhi  Nguyen",$620.00,$620.00,Pending
100008779,"Feb 21, 2019 10:49:54 AM","Nhi  Nguyen","Nhi  Nguyen",$620.00,$620.00,Pending
100008778,"Feb 21, 2019 10:42:28 AM","Nhi  Nguyen","Nhi  Nguyen",$620.00,$620.00,Pending
100008777,"Feb 21, 2019 9:53:36 AM","Nhi  Nguyen","Nhi  Nguyen",$620.00,$620.00,Pending
100008776,"Feb 21, 2019 9:16:35 AM","Nhi  Nguyen","Nhi  Nguyen",$620.00,$620.00,Pending
100008775,"Feb 21, 2019 9:14:43 AM","Nhi  Nguyen","Nhi  Nguyen",$620.00,$620.00,Pending
100008774,"Feb 21, 2019 9:11:42 AM","Nhi  Nguyen","Nhi  Nguyen",$620.00,$620.00,Pending
100008773,"Feb 21, 2019 8:53:30 AM","Nhi  Nguyen","Nhi  Nguyen",$620.00,$620.00,Pending
100008772,"Feb 21, 2019 8:40:04 AM","Nhi  Nguyen","Nhi  Nguyen",$620.00,$620.00,Pending
100008771,"Feb 21, 2019 7:26:16 AM","jyoti2  singh","jyoti2  singh","$6,200.00","$6,200.00",Pending
100008770,"Feb 21, 2019 6:20:31 AM","Sherlock Winfer Holmes","Sherlock Winfer Holmes",$725.00,$725.00,Pending
100008769,"Feb 21, 2019 5:42:18 AM","Nhi  Nguyen","Nhi  Nguyen",$620.00,$620.00,Pending
100008768,"Feb 20, 2019 9:44:05 PM","Tinnin1  Dembele1","Tinnin1  Dembele1",$105.00,$105.00,Pending
100008767,"Feb 20, 2019 3:27:38 PM","Tinnin2  Dembele2","Tinnin2  Dembele2",$620.00,$620.00,Pending
100008766,"Feb 20, 2019 2:25:06 PM","Ishwarya  123","Ishwarya  123",$210.00,$210.00,Pending
100008765,"Feb 20, 2019 2:21:17 PM","Ishwarya  123","Ishwarya  123",$210.00,$210.00,Pending
100008764,"Feb 20, 2019 7:39:08 AM","iibc  institute","iibc  institute","$1,240.00","$1,240.00",Pending
100008763,"Feb 20, 2019 7:33:35 AM","iibc  institute","iibc  institute","$1,240.00","$1,240.00",Pending
100008762,"Feb 20, 2019 7:31:33 AM","Vidya Vijay Killedar","Vidya Vijay Killedar","$1,240.00","$1,240.00",Pending
100008761,"Feb 19, 2019 12:53:46 PM","Jar Kumar Singh","Jar Kumar Singh",$620.00,$620.00,Pending
100008760,"Feb 19, 2019 5:54:28 AM","Nhi  Nguyen","Nhi  Nguyen",$620.00,$620.00,Pending
100008759,"Feb 18, 2019 8:30:07 AM","Nhi  Nguyen","Nhi  Nguyen",$620.00,$620.00,Pending
100008758,"Feb 18, 2019 8:25:53 AM","Nhi  Nguyen","Nhi  Nguyen",$620.00,$620.00,Pending
100008757,"Feb 18, 2019 1:45:02 AM","Chandar Nand Zakin","Chandar Nand Zakin",$105.00,$105.00,Pending
100008756,"Feb 18, 2019 12:06:32 AM","Nhi  Nguyen","Nhi  Nguyen",$620.00,$620.00,Pending
100008755,"Feb 18, 2019 12:02:43 AM","Nhi  Nguyen","Nhi  Nguyen",$620.00,$620.00,Pending
100008754,"Feb 17, 2019 11:53:50 PM","Nhi  Nguyen","Nhi  Nguyen",$620.00,$620.00,Pending
100008753,"Feb 17, 2019 9:21:58 PM","a b c","a b c",$620.00,$620.00,Pending
100008752,"Feb 17, 2019 9:09:14 PM","Chandar Nand Zakin","Chandar Nand Zakin",$620.00,$620.00,Pending
100008751,"Feb 17, 2019 10:21:47 AM","Nhi  Nguyen","Nhi  Nguyen",$620.00,$620.00,Pending
100008750,"Feb 17, 2019 7:02:34 AM","Automation  Testing","Automation  Testing",$620.00,$620.00,Pending
100008749,"Feb 17, 2019 6:44:33 AM","Automation  Testing","Automation  Testing",$620.00,$620.00,Pending
100008748,"Feb 17, 2019 5:51:59 AM","Automation  Testing","Automation  Testing",$620.00,$620.00,Pending
100008747,"Feb 17, 2019 5:15:06 AM","Nhi  Nguyen","Nhi  Nguyen",$620.00,$620.00,Pending
100008746,"Feb 17, 2019 5:11:52 AM","Nhi  Nguyen","Nhi  Nguyen",$620.00,$620.00,Pending
100008745,"Feb 17, 2019 4:57:33 AM","Thi Tra Nhi  Nguyen","Thi Tra Nhi  Nguyen","$1,860.00","$1,860.00",Pending
100008744,"Feb 17, 2019 1:17:21 AM","Automation  Testing","Automation  Testing",$620.00,$620.00,Pending
100008743,"Feb 17, 2019 12:58:16 AM","t  t","t  t",$620.00,$620.00,Pending
100008742,"Feb 17, 2019 12:03:19 AM","t  t","t  t",$620.00,$620.00,Pending
100008741,"Feb 15, 2019 11:13:26 AM","Vu Huynh Thanh Nguyen","Vu Huynh Thanh Nguyen",$620.00,$620.00,Pending
100008740,"Feb 15, 2019 11:03:52 AM","Vu Huynh Thanh Nguyen","Vu Huynh Thanh Nguyen",$620.00,$620.00,Pending
100008739,"Feb 15, 2019 4:10:53 AM","Prasanth Kumar V G","Prasanth Kumar V G",$620.00,$620.00,Pending
100008738,"Feb 15, 2019 4:08:41 AM","Prasanth Kumar V G","Prasanth Kumar V G",$620.00,$620.00,Pending
100008737,"Feb 15, 2019 4:06:00 AM","Prasanth Kumar V G","Prasanth Kumar V G",$620.00,$620.00,Pending
100008736,"Feb 15, 2019 3:50:18 AM","Prasanth Kumar V G","Prasanth Kumar V G",$620.00,$620.00,Pending
100008735,"Feb 15, 2019 1:33:31 AM","Prasanth Kumar V G","Prasanth Kumar V G",$620.00,$620.00,Pending
100008734,"Feb 15, 2019 1:27:21 AM","Prasanth Kumar V G","Prasanth Kumar V G",$620.00,$620.00,Pending
100008733,"Feb 14, 2019 10:27:13 PM","LE  Vinh","LE  Vinh",$620.00,$620.00,Pending
100008732,"Feb 13, 2019 7:26:50 AM","iibc  institute","iibc  institute","$1,240.00","$1,240.00",Pending
100008731,"Feb 12, 2019 8:45:22 PM","Priyanka  Mishra","Priyanka  Mishra",$620.00,$620.00,Pending
100008730,"Feb 11, 2019 10:36:34 PM","ArpithaArpitha S KiranS","ArpithaArpitha S KiranS",$620.00,$620.00,Pending
100008729,"Feb 11, 2019 7:37:34 PM","Rishi  Dhev","Rishi  Dhev","$1,240.00","$1,240.00",Pending
100008728,"Feb 11, 2019 8:26:48 AM","ankita R vaishnav","ankita R vaishnav",$105.00,$105.00,Pending
100008727,"Feb 6, 2019 12:36:11 PM","Ram 100 Krishna","Ram 100 Krishna",$620.00,$620.00,Pending
100008726,"Feb 6, 2019 12:03:38 PM","Ram 100 Krishna","Ram 100 Krishna",$620.00,$620.00,Pending
100008725,"Feb 6, 2019 8:41:40 AM","Sergey  Kelnik","Sergey  Kelnik","$7,050.00","$7,050.00",Pending
100008724,"Feb 6, 2019 8:41:30 AM","Sergey  Kelnik","Sergey  Kelnik",$705.00,$705.00,Pending
100008723,"Feb 6, 2019 6:29:46 AM","Ram 100 Krishna","Ram 100 Krishna",$620.00,$620.00,Pending
100008722,"Feb 6, 2019 6:29:02 AM","Ram 100 Krishna","Ram 100 Krishna",$620.00,$620.00,Pending
100008721,"Feb 6, 2019 6:28:21 AM","Ram 100 Krishna","Ram 100 Krishna",$620.00,$620.00,Pending
100008720,"Feb 6, 2019 6:27:40 AM","Ram 100 Krishna","Ram 100 Krishna",$620.00,$620.00,Pending
100008719,"Feb 6, 2019 4:45:15 AM","Ram 100 Krishna","Ram 100 Krishna",$620.00,$620.00,Pending
100008718,"Feb 5, 2019 12:17:51 PM","Test Test Test","Test Test Test",$620.00,$620.00,Pending
100008717,"Feb 4, 2019 3:55:21 PM","Deepika  Meher","Deepika  Meher",$620.00,$620.00,Pending
100008716,"Feb 4, 2019 11:00:16 AM","Test Test Test","Test Test Test",$620.00,$620.00,Pending
100008715,"Feb 4, 2019 10:58:44 AM","Test Test Test","Test Test Test",$620.00,$620.00,Pending
100008714,"Feb 4, 2019 10:51:27 AM","rad jk klklk","rad jk klklk",$105.00,$105.00,Pending
100008713,"Feb 4, 2019 6:50:14 AM","testerFirstname testerMiddleName testerLastName","testerFirstname testerMiddleName testerLastName",$620.00,$620.00,Pending
100008712,"Feb 4, 2019 6:36:29 AM","Sergey  Kelnik","Sergey  Kelnik","$7,050.00","$7,050.00",Pending
100008711,"Feb 4, 2019 6:35:39 AM","Sergey  Kelnik","Sergey  Kelnik",$705.00,$705.00,Pending
100008710,"Feb 4, 2019 6:25:24 AM","Sergey  Kelnik","Sergey  Kelnik","$7,050.00","$7,050.00",Pending
100008709,"Feb 4, 2019 6:25:14 AM","Sergey  Kelnik","Sergey  Kelnik",$705.00,$705.00,Pending
100008708,"Feb 4, 2019 6:23:09 AM","Sergey  Kelnik","Sergey  Kelnik","$7,050.00","$7,050.00",Pending
100008707,"Feb 4, 2019 6:22:58 AM","Sergey  Kelnik","Sergey  Kelnik",$705.00,$705.00,Pending
100008706,"Feb 3, 2019 1:37:01 PM","MAHADEV  MANGALE","MAHADEV  MANGALE",$620.00,$620.00,Pending
100008705,"Feb 3, 2019 1:25:32 PM","MAHADEV  MANGALE","MAHADEV  MANGALE",$620.00,$620.00,Pending
100008704,"Feb 3, 2019 12:43:49 PM","MAHADEV  MANGALE","MAHADEV  MANGALE",$620.00,$620.00,Pending
100008703,"Feb 2, 2019 8:41:40 AM","Sherlock Winfer Holmes","Sherlock Winfer Holmes",$725.00,$725.00,Pending
100008702,"Feb 2, 2019 8:41:00 AM","Sherlock Winfer Holmes","Sherlock Winfer Holmes",$725.00,$725.00,Pending
100008701,"Feb 2, 2019 8:05:49 AM","testerFirstname testerMiddleName testerLastName","testerFirstname testerMiddleName testerLastName",$725.00,$725.00,Pending
100008700,"Feb 1, 2019 8:18:17 AM","Test Test Test","Test Test Test",$620.00,$620.00,Pending
100008699,"Feb 1, 2019 8:17:51 AM","Sergey  Kelnik","Sergey  Kelnik",$705.00,$705.00,Pending
100008698,"Feb 1, 2019 8:16:46 AM","Test Test Test","Test Test Test",$620.00,$620.00,Pending
100008697,"Feb 1, 2019 8:03:32 AM","Test Test Test","Test Test Test",$620.00,$620.00,Pending
100008696,"Feb 1, 2019 7:44:48 AM","Test Test Test","Test Test Test",$620.00,$620.00,Pending
100008695,"Feb 1, 2019 6:58:49 AM","Test Test Test","Test Test Test",$620.00,$620.00,Pending
100008694,"Feb 1, 2019 2:45:29 AM","Sergey  Kelnik","Sergey  Kelnik","$7,050.00","$7,050.00",Pending
100008693,"Feb 1, 2019 2:45:19 AM","Sergey  Kelnik","Sergey  Kelnik",$705.00,$705.00,Pending
100008692,"Jan 31, 2019 9:46:17 PM","Ravi  Kumar","Ravi  Kumar",$620.00,$620.00,Pending
100008691,"Jan 31, 2019 12:11:57 PM","Test Test Test","Test Test Test",$620.00,$620.00,Pending
100008690,"Jan 31, 2019 7:17:43 AM","Test Test Test","Test Test Test",$620.00,$620.00,Pending
100008689,"Jan 31, 2019 7:14:27 AM","Test Test Test","Test Test Test",$620.00,$620.00,Pending
100008688,"Jan 31, 2019 7:08:16 AM","Test Test Test","Test Test Test",$620.00,$620.00,Pending
100008687,"Jan 31, 2019 7:02:35 AM","Test Test Test","Test Test Test",$620.00,$620.00,Pending
100008686,"Jan 31, 2019 7:01:48 AM","Test Test Test","Test Test Test",$620.00,$620.00,Pending
100008685,"Jan 31, 2019 6:15:33 AM","Test Test Test","Test Test Test",$620.00,$620.00,Pending
100008684,"Jan 31, 2019 6:13:39 AM","Test Test Test","Test Test Test",$620.00,$620.00,Pending
100008683,"Jan 31, 2019 6:11:03 AM","Test Test Test","Test Test Test",$620.00,$620.00,Pending
100008682,"Jan 31, 2019 4:30:18 AM","Sergey  Kelnik","Sergey  Kelnik","$7,050.00","$7,050.00",Pending
100008681,"Jan 31, 2019 4:30:14 AM","Sergey  Kelnik","Sergey  Kelnik","$7,050.00","$7,050.00",Pending
100008680,"Jan 31, 2019 4:30:06 AM","Sergey  Kelnik","Sergey  Kelnik",$705.00,$705.00,Pending
100008679,"Jan 31, 2019 4:30:03 AM","Sergey  Kelnik","Sergey  Kelnik",$705.00,$705.00,Pending
100008678,"Jan 31, 2019 2:43:31 AM","Ram 100 Krishna","Ram 100 Krishna",$620.00,$620.00,Pending
100008677,"Jan 31, 2019 2:29:22 AM","Ram 100 Krishna","Ram 100 Krishna",$620.00,$620.00,Pending
100008676,"Jan 31, 2019 2:17:37 AM","Ram 100 Krishna","Ram 100 Krishna",$620.00,$620.00,Pending
100008675,"Jan 31, 2019 2:00:34 AM","Ram 100 Krishna","Ram 100 Krishna",$620.00,$620.00,Pending
100008674,"Jan 31, 2019 12:44:03 AM","Sherlock Winfer Holmes","Sherlock Winfer Holmes",$725.00,$725.00,Pending
100008673,"Jan 31, 2019 12:23:34 AM","Ram 100 Krishna","Ram 100 Krishna",$620.00,$620.00,Pending
100008672,"Jan 31, 2019 12:20:55 AM","Ram 100 Krishna","Ram 100 Krishna",$620.00,$620.00,Pending
100008671,"Jan 31, 2019 12:19:19 AM","Ram 100 Krishna","Ram 100 Krishna",$620.00,$620.00,Pending
100008670,"Jan 31, 2019 12:17:04 AM","Ram 100 Krishna","Ram 100 Krishna",$620.00,$620.00,Pending
100008669,"Jan 30, 2019 10:44:48 PM","Sherlock Winfer Holmes","Sherlock Winfer Holmes",$725.00,$725.00,Pending
100008668,"Jan 30, 2019 1:46:39 PM","Ram 100 Krishna","Ram 100 Krishna",$620.00,$620.00,Pending
100008667,"Jan 30, 2019 1:31:37 PM","Ram 100 Krishna","Ram 100 Krishna",$620.00,$620.00,Pending
100008666,"Jan 30, 2019 12:47:45 PM","Ram 100 Krishna","Ram 100 Krishna",$620.00,$620.00,Pending
100008665,"Jan 30, 2019 11:47:10 AM","Test Test Test","Test Test Test",$620.00,$620.00,Pending
100008664,"Jan 30, 2019 9:42:49 AM","Sergey  Kelnik","Sergey  Kelnik","$7,050.00","$7,050.00",Canceled
100008663,"Jan 30, 2019 9:42:41 AM","Sergey  Kelnik","Sergey  Kelnik",$705.00,$705.00,Pending
100008662,"Jan 30, 2019 9:29:11 AM","Test Test Test","Test Test Test",$620.00,$620.00,Pending
100008661,"Jan 30, 2019 9:28:35 AM","Test Test Test","Test Test Test",$620.00,$620.00,Pending
100008660,"Jan 30, 2019 9:27:46 AM","Test Test Test","Test Test Test",$620.00,$620.00,Pending
100008659,"Jan 30, 2019 9:15:00 AM","Ram 100 Krishna","Ram 100 Krishna",$620.00,$620.00,Pending
100008658,"Jan 30, 2019 9:14:16 AM","Ram 100 Krishna","Ram 100 Krishna",$620.00,$620.00,Pending
100008657,"Jan 30, 2019 9:05:34 AM","Ram 100 Krishna","Ram 100 Krishna",$620.00,$620.00,Pending
100008656,"Jan 30, 2019 9:04:23 AM","Ram 100 Krishna","Ram 100 Krishna",$620.00,$620.00,Pending
100008655,"Jan 30, 2019 8:54:50 AM","Ram  Krishna","Ram  Krishna",$620.00,$620.00,Pending
100008654,"Jan 30, 2019 8:53:13 AM","Ram kajsldfh Krishna","Ram kajsldfh Krishna",$620.00,$620.00,Pending
100008653,"Jan 30, 2019 8:50:55 AM","Ram  Krishna","Ram  Krishna",$620.00,$620.00,Pending
100008652,"Jan 30, 2019 8:49:03 AM","Ram 100 Krishna","Ram 100 Krishna",$620.00,$620.00,Pending
100008651,"Jan 30, 2019 8:48:29 AM","Ram  Krishna","Ram  Krishna",$620.00,$620.00,Pending
100008650,"Jan 30, 2019 8:44:38 AM","Ram  Krishna","Ram  Krishna",$620.00,$620.00,Pending
100008649,"Jan 30, 2019 8:41:37 AM","Ram  Krishna","Ram  Krishna",$620.00,$620.00,Pending
100008648,"Jan 30, 2019 8:37:31 AM","Ram  Krishna","Ram  Krishna",$620.00,$620.00,Pending
100008647,"Jan 30, 2019 8:35:04 AM","Sergey  Kelnik","Sergey  Kelnik","$7,050.00","$7,050.00",Pending
100008646,"Jan 30, 2019 8:34:54 AM","Sergey  Kelnik","Sergey  Kelnik",$705.00,$705.00,Pending
100008645,"Jan 30, 2019 8:34:17 AM","Sergey  Kelnik","Sergey  Kelnik","$7,050.00","$7,050.00",Pending
100008644,"Jan 30, 2019 8:34:08 AM","Sergey  Kelnik","Sergey  Kelnik",$705.00,$705.00,Pending
100008643,"Jan 30, 2019 8:33:02 AM","Ram 100 Krishna","Ram 100 Krishna","$16,120.00","$16,120.00",Pending
100008642,"Jan 30, 2019 8:23:27 AM","Sergey  Kelnik","Sergey  Kelnik","$7,050.00","$7,050.00",Pending
100008641,"Jan 30, 2019 8:23:19 AM","Sergey  Kelnik","Sergey  Kelnik",$705.00,$705.00,Pending
100008640,"Jan 30, 2019 8:00:54 AM","Test Test Test","Test Test Test",$620.00,$620.00,Pending
100008639,"Jan 30, 2019 7:27:33 AM","Sherlock Winfer Holmes","Sherlock Winfer Holmes",$725.00,$725.00,Pending
100008638,"Jan 30, 2019 7:19:21 AM","Sherlock Winfer Holmes","Sherlock Winfer Holmes",$725.00,$725.00,Pending
100008637,"Jan 30, 2019 7:10:15 AM","Sherlock Winfer Holmes","Sherlock Winfer Holmes",$725.00,$725.00,Pending
100008636,"Jan 30, 2019 7:01:32 AM","DemoUser Kumar Singh","DemoUser Kumar Singh",$725.00,$725.00,Pending
100008635,"Jan 30, 2019 6:57:14 AM","DemoUser Kumar Singh","DemoUser Kumar Singh",$725.00,$725.00,Pending
100008634,"Jan 30, 2019 6:55:01 AM","DemoUser Kumar Singh","DemoUser Kumar Singh",$725.00,$725.00,Pending
100008633,"Jan 30, 2019 6:54:43 AM","guru100test 100 test","guru100test 100 test","$11,780.00","$11,780.00",Pending
100008632,"Jan 30, 2019 6:50:04 AM","DemoUser Kumar Singh","DemoUser Kumar Singh",$725.00,$725.00,Pending
100008631,"Jan 30, 2019 6:47:42 AM","DemoUser Kumar Singh","DemoUser Kumar Singh",$725.00,$725.00,Pending
100008630,"Jan 30, 2019 6:21:26 AM","DemoUser Kumar Singh","DemoUser Kumar Singh",$725.00,$725.00,Pending
100008629,"Jan 30, 2019 6:18:16 AM","Sergey  Kelnik","Sergey  Kelnik","$7,050.00","$7,050.00",Pending
100008628,"Jan 30, 2019 6:18:13 AM","Sergey  Kelnik","Sergey  Kelnik","$7,050.00","$7,050.00",Pending
100008627,"Jan 30, 2019 6:18:07 AM","Sergey  Kelnik","Sergey  Kelnik",$705.00,$705.00,Pending
100008626,"Jan 30, 2019 6:18:04 AM","Sergey  Kelnik","Sergey  Kelnik",$705.00,$705.00,Pending
100008625,"Jan 30, 2019 6:16:06 AM","DemoUser Kumar Singh","DemoUser Kumar Singh",$725.00,$725.00,Pending
100008624,"Jan 30, 2019 4:35:37 AM","Sergey  Kelnik","Sergey  Kelnik","$7,050.00","$7,050.00",Pending
100008623,"Jan 30, 2019 4:35:28 AM","Sergey  Kelnik","Sergey  Kelnik",$705.00,$705.00,Pending
100008622,"Jan 30, 2019 4:33:35 AM","Sergey  Kelnik","Sergey  Kelnik","$7,050.00","$7,050.00",Pending
100008621,"Jan 30, 2019 4:33:25 AM","Sergey  Kelnik","Sergey  Kelnik",$705.00,$705.00,Pending
100008620,"Jan 30, 2019 4:28:44 AM","Sergey  Kelnik","Sergey  Kelnik",$705.00,$705.00,Pending
100008619,"Jan 30, 2019 4:28:01 AM","Sergey  Kelnik","Sergey  Kelnik","$7,050.00","$7,050.00",Pending
100008618,"Jan 30, 2019 4:24:37 AM","Sergey  Kelnik","Sergey  Kelnik",$705.00,$705.00,Pending
100008617,"Jan 30, 2019 4:22:09 AM","Sergey  Kelnik","Sergey  Kelnik",$705.00,$705.00,Pending
100008616,"Jan 30, 2019 4:14:20 AM","Sergey  Kelnik","Sergey  Kelnik",$705.00,$705.00,Pending
100008615,"Jan 30, 2019 4:11:23 AM","Sergey  Kelnik","Sergey  Kelnik",$705.00,$705.00,Pending
100008614,"Jan 30, 2019 4:07:15 AM","Sergey  Kelnik","Sergey  Kelnik",$705.00,$705.00,Pending
100008613,"Jan 30, 2019 3:32:51 AM","Sergey  Kelnik","Sergey  Kelnik",$705.00,$705.00,Pending
100008612,"Jan 30, 2019 3:15:45 AM","Sergey  Kelnik","Sergey  Kelnik",$705.00,$705.00,Pending
100008611,"Jan 30, 2019 3:14:07 AM","Sergey  Kelnik","Sergey  Kelnik",$705.00,$705.00,Pending
100008610,"Jan 30, 2019 3:12:35 AM","Sergey  Kelnik","Sergey  Kelnik",$705.00,$705.00,Pending
100008609,"Jan 30, 2019 3:00:46 AM","Sergey  Kelnik","Sergey  Kelnik",$705.00,$705.00,Pending
100008608,"Jan 29, 2019 8:11:30 AM","Sergey  Kelnik","Sergey  Kelnik",$705.00,$705.00,Pending
100008607,"Jan 29, 2019 8:05:28 AM","Sergey  Kelnik","Sergey  Kelnik",$705.00,$705.00,Pending
100008606,"Jan 29, 2019 7:12:14 AM","Sergey  Kelnik","Sergey  Kelnik",$705.00,$705.00,Pending
100008605,"Jan 29, 2019 6:46:44 AM","Sergey  Kelnik","Sergey  Kelnik",$705.00,$705.00,Pending
100008604,"Jan 29, 2019 6:36:33 AM","Sergey  Kelnik","Sergey  Kelnik","$1,410.00","$1,410.00",Pending
100008603,"Jan 29, 2019 4:29:05 AM","Sergey  Kelnik","Sergey  Kelnik",$705.00,$705.00,Pending
100008602,"Jan 29, 2019 4:19:56 AM","Sergey  Kelnik","Sergey  Kelnik",$705.00,$705.00,Pending
100008601,"Jan 29, 2019 4:16:11 AM","Sergey  Kelnik","Sergey  Kelnik",$705.00,$705.00,Pending
100008600,"Jan 29, 2019 3:40:37 AM","Sergey  Kelnik","Sergey  Kelnik",$705.00,$705.00,Pending
100008599,"Jan 29, 2019 3:38:56 AM","Sergey  Kelnik","Sergey  Kelnik",$705.00,$705.00,Pending
100008598,"Jan 29, 2019 3:35:39 AM","Sergey  Kelnik","Sergey  Kelnik",$705.00,$705.00,Pending
100008597,"Jan 29, 2019 2:17:48 AM","Katarzyna fon Slinska","Katarzyna fon Slinska",$755.00,$755.00,Pending
100008596,"Jan 29, 2019 1:33:58 AM","Katarzyna fon Slinska","Katarzyna fon Slinska","$1,410.00","$1,410.00",Pending
100008595,"Jan 28, 2019 3:12:55 AM","Abu sai Kumar","Abu sai Kumar","$15,500.00","$15,500.00",Pending
100008594,"Jan 28, 2019 12:08:54 AM","Abu sai Kumar","Abu sai Kumar","$1,860.00","$1,860.00",Pending
100008593,"Jan 27, 2019 2:43:44 AM","Abu sai Kumar","Abu sai Kumar","$1,240.00","$1,240.00",Pending
100008592,"Jan 26, 2019 7:07:57 PM","werty dfghh gdgfh","werty dfghh gdgfh",$705.00,$705.00,Pending
100008591,"Jan 26, 2019 7:07:28 PM","werty dfghh gdgfh","werty dfghh gdgfh","$7,050.00","$7,050.00",Pending
100008590,"Jan 25, 2019 7:27:52 AM","John  Doe","John  Doe",$620.00,$620.00,Pending
100008589,"Jan 25, 2019 4:57:55 AM","teena10  singh","teena10  singh","$6,200.00","$6,200.00",Pending
100008588,"Jan 25, 2019 3:02:37 AM","Vu Huynh Thanh Nguyen","Vu Huynh Thanh Nguyen",$620.00,$620.00,Pending
100008587,"Jan 24, 2019 1:55:10 PM","Mercy  ojong","Mercy  ojong",$620.00,$620.00,Pending
100008586,"Jan 23, 2019 5:33:25 AM","Toan Quang Bui","Toan Quang Bui",$620.00,$620.00,Pending
100008585,"Jan 23, 2019 5:32:04 AM","Toan Quang Bui","Toan Quang Bui",$620.00,$620.00,Pending
100008584,"Jan 23, 2019 4:50:30 AM","teena10  singh","teena10  singh",$620.00,$620.00,Pending
100008583,"Jan 22, 2019 11:44:55 PM","Toan Quang Bui","Toan Quang Bui",$620.00,$620.00,Pending
100008582,"Jan 22, 2019 12:48:31 PM","BERRY  BERRYTEN","BERRY  BERRYTEN","$240,595.00","$240,595.00",Pending
100008581,"Jan 22, 2019 12:08:35 PM","BERRY  BERRYTEN","BERRY  BERRYTEN","$240,595.00","$240,595.00",Pending
100008580,"Jan 22, 2019 5:55:00 AM","teena10  singh","teena10  singh","$6,200.00","$6,200.00",Pending
100008579,"Jan 22, 2019 4:44:07 AM","Rahul  kumar","Rahul  kumar",$725.00,$725.00,Pending
100008578,"Jan 22, 2019 2:32:43 AM","testerFirstname testerMiddleName testerLastName","testerFirstname testerMiddleName testerLastName","$1,210.00","$1,210.00",Pending
100008577,"Jan 20, 2019 8:39:00 PM","werty dfghh gdgfh","werty dfghh gdgfh",$705.00,$705.00,Pending
100008576,"Jan 20, 2019 8:38:38 PM","werty dfghh gdgfh","werty dfghh gdgfh","$5,700.00","$5,700.00",Pending
100008575,"Jan 20, 2019 5:46:42 PM","Shofi  Ullah","Shofi  Ullah",$135.00,$135.00,Pending
100008574,"Jan 18, 2019 8:22:59 AM","John  Doe","John  Doe",$620.00,$620.00,Pending
100008573,"Jan 18, 2019 8:09:01 AM","John  Doe","John  Doe",$620.00,$620.00,Pending
100008572,"Jan 18, 2019 7:04:53 AM","John  Doe","John  Doe",$620.00,$620.00,Pending
100008571,"Jan 18, 2019 4:30:07 AM","John  Doe","John  Doe",$620.00,$620.00,Pending
100008570,"Jan 18, 2019 4:17:28 AM","John  Doe","John  Doe",$620.00,$620.00,Pending
100008569,"Jan 18, 2019 4:01:49 AM","John  Doe","John  Doe",$620.00,$620.00,Pending
100008568,"Jan 17, 2019 8:53:08 AM","Toan Quang Bui","Toan Quang Bui",$620.00,$620.00,Pending
100008567,"Jan 17, 2019 6:19:28 AM","Toan Quang Bui","Toan Quang Bui",$620.00,$620.00,Pending
100008566,"Jan 17, 2019 5:29:09 AM","John  Doe","John  Doe",$620.00,$620.00,Pending
100008565,"Jan 17, 2019 5:28:34 AM","asdasd asdasd asdsa","asdasd asdasd asdsa",$620.00,$620.00,Pending
100008564,"Jan 17, 2019 5:27:53 AM","John  Doe","John  Doe",$620.00,$620.00,Pending
100008563,"Jan 17, 2019 5:18:25 AM","asdasd asdasd asdsa","asdasd asdasd asdsa",$620.00,$620.00,Pending
100008562,"Jan 17, 2019 3:00:29 AM","jyoti2  singh","jyoti2  singh",$620.00,$620.00,Pending
100008561,"Jan 17, 2019 2:50:43 AM","teena4  singh","teena4  singh",$620.00,$620.00,Pending
100008560,"Jan 17, 2019 2:45:15 AM","teena10  singh","teena10  singh",$620.00,$620.00,Pending
100008559,"Jan 17, 2019 2:43:05 AM","teena5  singh","teena5  singh",$620.00,$620.00,Pending
100008558,"Jan 17, 2019 2:37:06 AM","teena6  singh","teena6  singh",$620.00,$620.00,Pending
100008557,"Jan 17, 2019 2:22:08 AM","teena10  singh","teena10  singh",$620.00,$620.00,Pending
100008556,"Jan 17, 2019 2:17:57 AM","teena7  singh","teena7  singh",$620.00,$620.00,Pending
100008555,"Jan 17, 2019 2:09:32 AM","teena10  singh","teena10  singh",$620.00,$620.00,Pending
100008554,"Jan 17, 2019 1:58:48 AM","teena8  singh","teena8  singh",$620.00,$620.00,Pending
100008553,"Jan 17, 2019 1:33:12 AM","jyoti1  singh","jyoti1  singh",$620.00,$620.00,Pending
100008552,"Jan 17, 2019 1:13:32 AM","teena10  singh","teena10  singh",$620.00,$620.00,Pending
100008551,"Jan 16, 2019 1:10:56 PM","John  Doe","John  Doe",$620.00,$620.00,Pending
100008550,"Jan 16, 2019 1:06:09 PM","John  Doe","John  Doe",$620.00,$620.00,Pending
100008549,"Jan 16, 2019 1:05:15 PM","John  Doe","John  Doe",$620.00,$620.00,Pending
100008548,"Jan 16, 2019 12:57:13 PM","John  Doe","John  Doe",$620.00,$620.00,Pending
100008547,"Jan 16, 2019 12:54:59 PM","John  Doe","John  Doe",$620.00,$620.00,Pending
100008546,"Jan 16, 2019 12:52:45 PM","John  Doe","John  Doe",$620.00,$620.00,Pending
100008545,"Jan 16, 2019 12:51:44 PM","John  Doe","John  Doe",$620.00,$620.00,Pending
100008544,"Jan 16, 2019 11:44:38 AM","John  Doe","John  Doe",$620.00,$620.00,Pending
100008543,"Jan 14, 2019 10:26:37 AM","jyoti1  singh","jyoti1  singh",$620.00,$620.00,Pending
100008542,"Jan 11, 2019 1:35:17 PM","BERRY  BERRYSEVEN","BERRY  BERRYSEVEN","$2,310.00","$2,310.00",Pending
100008541,"Jan 10, 2019 2:09:29 PM","BERRY  BERRYSEVEN","BERRY  BERRYSEVEN","$1,785.00","$1,785.00",Pending
100008540,"Jan 10, 2019 1:33:04 PM","BERRY  BERRYSEVEN","BERRY  BERRYSEVEN",$105.00,$105.00,Pending
100008539,"Jan 10, 2019 1:32:19 PM","BERRY  BERRYSEVEN","BERRY  BERRYSEVEN",$105.00,$105.00,Pending
100008538,"Jan 10, 2019 1:31:41 PM","BERRY  BERRYSEVEN","BERRY  BERRYSEVEN",$105.00,$105.00,Pending
100008537,"Jan 10, 2019 1:23:34 PM","BERRY  BERRYSEVEN","BERRY  BERRYSEVEN",$105.00,$105.00,Pending
100008536,"Jan 10, 2019 1:20:05 PM","BERRY  BERRYSEVEN","BERRY  BERRYSEVEN",$105.00,$105.00,Pending
100008535,"Jan 10, 2019 1:18:54 PM","BERRY  BERRYSEVEN","BERRY  BERRYSEVEN",$105.00,$105.00,Pending
100008534,"Jan 10, 2019 1:17:5